UTM_E,UTM_N,dateCreated,observerInitials,site_id,site_status,species_code,binomial,commonName,locationDescription,habitatType,comments
526832,4269129,1/1/2013,JC,GOAT29,current,AETI,Aegilops triuncalis,Barbed goatgrass,"Past first cattle gate, down hill side. Numerous small patches on hillside",Annual grassland with some in harding grass,NA
526816,4269110,5/16/2014,CD,GOAT29A,current,AETI,Aegilops triuncalis,Barbed goatgrass,SW of road at Oak soil moisture probe,Annual grassland with some in harding grass,NA
527166.1,4270891.5,5/12/2011,MH,BROOM03,current,GEMO,Genista monspessulana,French broom,chaparral SE of Redwood Canyon Road - on steep incline,chaparral,"steep incline, large Douglas fir, large plants!! Original coordinates were:-122.688083,38.586083"
527209,4270916,4/27/2017,CD,BROOM04B,current,GEMO,Genista monspessulana,French broom,chaparral SE of Redwood Canyon Road. Uphill from BROOM04,chaparral,NA
527152,4268869,12/7/2016,SB,COT02,not current,COPA,Cotoneaster pannosus,Silverleaf cotoneaster,"Serpentine Chaparral, behind the barn upstream about 20m",chaparral,NA
525345.2,4268798,8/3/2013,JC,COT01,not current,COPA,Cotoneaster pannosus,Silverleaf cotoneaster,Skovie rd before basin,chaparral," Original coordinates were:-122.709066,38.56727"
526869,4268572,2/1/2014,CD,FENNEL02,current,FOVU,Foeniculum vulgare,Fennel,Ward Cliffs in Front Pasture Western Extreme north of gate to lumberyard/rockpiles,cliffs in grassland,NA
527391,4268993,3/20/2015,CD,BROOM15,current,GEMO,Genista monspessulana,French broom,"Along Kitchen Creek drainage, just below Barn meadow road. Among brambles east of road & on Pepperwood Property.",creek,NA
527391,4268893,3/20/2015,CD,BLAK04,current,RUAM,Rubus ameniacus,Himalayan Blackberry,"Along Kitchen Creek drainage, just east of (below) road & on Pepperwood Property above Mountain House.",creek,NA
527479.9,4268810.9,5/2/2012,GJ,BROOM11,not current,GEMO,Genista monspessulana,French broom,Near the Jackson/ Pepperwood property line,creek ," Original coordinates were:-122.684562245368,38.5673227579274"
527460,4268828,4/29/2014,CD,BROOM11B,current,GEMO,Genista monspessulana,French broom,Near the Jackson/ Pepperwood property line by Mountain House  on Mountian House side of stream bank.,creek ,NA
525350.3,4269782.1,5/12/2011,MH,VINCA01,current,VIMA,Vinca major,Periwinkle,creek bed east of Goodman Homestead,creek bed," Original coordinates were:-122.708972,38.576139"
526931,4268403,2/11/2015,CD,VINCA03,current,VIMA,Vinca major,Periwinkle,"Southwest corner of Front Pasture, in and above drainage below lumberyard",creek bed,NA
527218,4270893,5/12/2011,MH,BROOM05,current,GEMO,Genista monspessulana,French broom,chaparral SE of Redwood Canyon Road,Doug-fir/chaparral,"adjacent to an incised creek - LOTS OF PLANTS changed from 527231.4, 4270891.7 Original coordinates were:-122.687333,38.586083"
527202.4,4270888.6,5/12/2011,MH,BROOM04,current,GEMO,Genista monspessulana,French broom,chaparral SE of Redwood Canyon Road - adjacent to incised creek,Doug-fir/chaparral,"adjacent to an incised creek Original coordinates were:-122.687667,38.586056"
527247,4270892,8/7/2014,CD,BROOM05b,current,GEMO,Genista monspessulana,French broom,chaparral SE of Redwood Canyon Road - at fenceline,Doug-fir/chaparral,NA
527240,4270880,8/7/2014,CD,BROOM05c,current,GEMO,Genista monspessulana,French broom,chaparral SE of Redwood Canyon Road - north of 5b fenceline site,Doug-fir/chaparral,NA
527241,4270030,7/24/2017,Greg deNevers,BROOM18,current,GEMO,Genista monspessulana,French broom,Devil's saddle between Redwood Canyon and Devils Kitchen,Doug-fir/chaparral, estimated +/- 50 meters
525893.4,4269854.4,7/2/2012,JC,CHIC05,current,CHIN,Chicorium intybus,Chicory,West of Corral in McCann Homestead drainage area,Drainage," Original coordinates were:-122.702735,38.576775"
525455.1,4269770.4,1/1/2013,JC,DIGR02,current,DIGR,Dittrichia graveolens,Stinkwort,"West of road to Goodman just after the Turtle Pond lower parking area, in the drainage that drains west",drainage,"about 6 plants from last season 2013, need to revisit in summer 2014 HIGH PRIORITY Original coordinates were:-122.70777,38.57603"
525359,4269890,1/4/2014,CD,BLAKB02,current,RUAM,Rubus ameniacus,Himalayan Blackberry,In drainage north of Road leading to Turtle pond. Site of 1/4/14 workday.,drainage ditch near roadside,NA
527185,4269037,8/9/2017,"CD, DF",BLAK07,current,RUAM,Rubus ameniacus,Himalayan Blackberry,Dwight Center Lower Spring - Wetland,emphemeral wetland or seep,NA
525400,4269800,8/8/2017,"CD, DF",BLAK05,current,RUAM,Rubus ameniacus,Himalayan Blackberry,Goodman 1 Spring - Seep,emphemeral wetland or seep,NA
523664,4272479,8/14/2017,"CD, DF",BLAK09,current,RUAM,Rubus ameniacus,Himalayan Blackberry,Martin Creek Middle 1 Seep,emphemeral wetland or seep,NA
525804,4270162,8/18/2017,CD,BLAK15,current,RUAM,Rubus ameniacus,Himalayan Blackberry,Willow Spring - Seep,emphemeral wetland or seep,NA
525791,4269942,8/14/2017,"CD, DF",BLAKB03b,current,RUAM,Rubus ameniacus,Himalayan Blackberry,Maple Spring,ephemeral spring,NA
524765,4271310,8/15/2017,CD,BLAK11,current,RUAM,Rubus ameniacus,Himalayan Blackberry,Srebel Upper Spring,ephemeral spring,NA
526643,4268830,7/28/2016,CD,TEAS01b,current,DIFU,Dipsacus sp.,Teasel (Fuller's teasel),40 acre pasture up stream in orchard area west of creek,Grassland,NA
526750,4268750,4/19/2014,CD,TEAS01,current,DIFU,Dipsacus sp.,Teasel (Fuller's teasel),40 acres pasture,Grassland,NA
526750,4268750,4/19/2014,CD,THIST12,not current,THSP,Thistle Spp.,Mixed Thistle Spp.,40 acres pasture,Grassland,NA
526947,4268401,2/11/2015,CD,ARUND01B,current,ARDO,Arundo donax,Giant reed,Above ARUNDO01. ,Grassland,NA
526793,4269138,5/25/2217,CD,GOAT 29D,current,AETI,Aegilops triuncalis,Barbed goatgrass,adjacent to spring house at Bechtel Spring,grassland,NA
525716,4270066,5/14/2014,MH,CRIM01,not current,TIIN,Trifolium incarnatum,Crimson Clover,along road in McCann,grassland,1 plant. First sighting. 
525152.6,4270926.8,7/15/2011,MH,SKEL03,current,CHJU,Chondrilla juncea,Skeleton weed,Along road north of TTH toward Strebel Homestead; north of road on E facing slope,Grassland,"Past flowering, pulled about 5 plants Original coordinates were:-122.7112,38.58646"
524421.9,4271800,7/15/2011,MH,CHIC01,current,CHIN,Chicorium intybus,Chicory,"At Strebel homestead site in drainage, two patches",Grassland,"In flower and rosettes, may need to revisit site Original coordinates were:-122.71956,38.59435"
525954,4269856,5/8/2013,JC,MUST01,current,SIOF,Sisymbrium officinale,Hedge Mustard,Before McCann HS,Grassland,previously thought to be black mustard (Brassica negra) 
525250,4270645,8/16/2017,CD,BLAK12,current,RUAM,Rubus ameniacus,Himalayan Blackberry,Between TTH serp and Barnes Creel springs,grassland,NA
525667,4269254,5/11/2016,CD,GOAT23a,current,AETI,Aegilops triuncalis,Barbed goatgrass,"East fork of road to skovie basin, just past gate, south of road",grassland,NA
525700,4269150,7/26/2014,CD,YST09,current,CESO,Centauria solistialis,Yellow Star Thistle,"East fork Scovie Basin Road, to north",grassland,NA
525343.4,4269883.9,10/30/2012,JC,CKLBR01,not current,XAST,Xanthium strumarium,Rough Cockleburr ,East of road leading down to Goodman and before drainage,Grassland," Original coordinates were:-122.709048,38.577056"
526457,4270056,7/2/2015,CD,SKEL13B,current,SKEL,Chondrilla juncea,Skeleton weed,"East of Roller Coaster Ridge in upper Oregon oak hills. North of SKEL01, below SKEL13.",grassland,"site found before, but coords lost before treated  coordinate from iNat may be good."
526478,4269938,11/17/2014,CD,SKEL13,current,CHJU,Chondrilla juncea,Skeleton weed,East of Roller Coaster Ridge in upper Oregon oak hills. North of SKEL01. ,grassland,NA
526431,4270056,5/17/2017,CD,SKEL13C,current,CHJU,Chondrilla juncea,Skeleton weed,East of roller coaster ridge in Weimar pasture. North of Skel01 and Skel 13. 50m from skel13.,Grassland,NA
527276.1,4269192.5,5/30/2012,JC,BULL01,not current,CIVU,Cirsium vulgare,Bull thistle,east of spring off Leopard Lilly Trail in wet grassland area,Grassland," Original coordinates were:-122.686887,38.570768"
526242,4269844,5/16/2014,CD,GOAT31,current,AETI,Aegilops triuncalis,Barbed goatgrass,East of Turtle Pond Junction/ lower McCann. On western slope of Roller Coaster Ridge.,grassland,Found within recently grazed paddock. Cattle appear to have largely avoided BGG. 
522448,4272882,6/11/2014,CD,GOAT24d,current,AETI,Aegilops triuncalis,Barbed goatgrass,End of Martin Creek road by gate,Grassland," location wrong. Fixed, here and in .shp seperately, but not reflected on map yet. Hmm."
522429,4272871,6/1/2012,JC,GOAT24,current,AETI,Aegilops triuncalis,Barbed goatgrass,End of Martin Creek road by gate,Grassland,NA
522414,4272867,6/11/2014,CD,GOAT24b,current,AETI,Aegilops triuncalis,Barbed goatgrass,"End of Martin Creek road by gate, by fence edge where trailer is.",Grassland,NA
522474,4272889,6/11/2014,CD,GOAT24e2,current,AETI,Aegilops triuncalis,Barbed goatgrass,End of Martin Creek road by gate. Connected to GOAT24e1.,Grassland,NA
522459,4272878,6/11/2014,CD,GOAT24e1,current,AETI,Aegilops triuncalis,Barbed goatgrass,End of Martin Creek road by gate. Connected to GOAT24e2.,Grassland,NA
522435,4272863,6/11/2014,CD,GOAT24c,current,AETI,Aegilops triuncalis,Barbed goatgrass,End of Martin Creek road by gate. On both sides of fence from road to creek.,Grassland,There is tons of bermuda/ crab grass in this spot in 2015 
527271,4268550,5/8/2013,JC,GOAT27,current,AETI,Aegilops triuncalis,Barbed goatgrass,front pasture,Grassland," Did not project correctly first time. UTMs general, not numeric, also trouble in one of extra fields.Original coordinates were:-122.686966,38.564982"
527260,4268546,5/8/2013,JC,GOAT26,current,AETI,Aegilops triuncalis,Barbed goatgrass,Front pasture in Serp 02 transect,Grassland," Did not project correctly first time. UTMs general, not numeric, also trouble in one of extra fields.Original coordinates were:-122.687098,38.564938"
524938.5303,4270041.713,7/15/2011,MH,YST02,current,CESO,Centauria solistialis,Yellow Star Thistle,"Goodman Road, NW Goodman",Grassland,"In flower South West of the parking area and parallel to Amber's acorn project. Soil is very dry; hard to pull Did not project correctly first time. UTMs general, not numeric, also trouble in one of extra fields.Original coordinates were:-122.71369,38.57849"
526201,4269487,5/7/2014,CD,GOAT30,current,AETI,Aegilops triuncalis,Barbed goatgrass,Headwaters of Pepperwood Creek. Near 'Denny's Thistle tree',Grassland,NA
525750,4270500,7/26/2014,CD,YST08,current,CESO,Centauria solistialis,Yellow Star Thistle,"Hill 1524 vicinity, well",grassland,NA
525925,4269893,4/13/2016,CD,RAPH02 ,current,RASA,Raphanus sativus,Cultivated radish,In Red Corral and below corral in drainage near culvurt,grassland,NA
525248,4270760,4/19/2014,CD,MUST07C,current,SIOF,Sisymbrium officinale,Hedge Mustard,"Just below Martin Creek gate, south of road",Grassland,previously thought to be black mustard (Brassica negra) 
525248,4270810,4/19/2014,CD,YST06,current,CESO,Centauria solistialis,Yellow Star Thistle,"Just below Martin Creek gate, south of road",Grassland,NA
525248,4270810,4/19/2014,CD,MUST07B,current,SIOF,Sisymbrium officinale,Hedge Mustard,"Just below Martin Creek gate, south of road at CLOak over road",Grassland,previously thought to be black mustard (Brassica negra) 
525248,4270810,4/19/2014,CD,THIST13A,not current,THSP,Thistle Spp.,Mixed Thistle Spp.,"Just below Martin Creek gate, south of road at CLOak over road",Grassland,NA
525248,4270810,4/19/2014,CD,MUST?,current,SIOF,Sisymbrium officinale,Hedge Mustard,"Just below Martin Creek gate, south of road at coast live oak over road",Grassland,needs site id fix 
525636.3,4269628.9,5/11/2011,MH,CON01,not current,COAR,Convolvulus arvensis,Bindweed,Just east of Turtle Pond on TP trail.,Grassland,"Large patch along trail - possibly a weedy species? Original coordinates were:-122.705694,38.57475"
525386,4270796,5/9/2014,CD,SKEL07B,current,CHJU,Chondrilla juncea,Skeleton weed,"Just past Martin Creek Gate, north of road. All around hill side.",grassland,NA
522601,4273065,8/15/2011,MG,THISTLE01,not current,ONIL,Onopordum illyricum,Illyrian thistle,Martin Creek area near southern double PG&E towers,Grassland,NA
523967,4271923,4/23/2014,CD,THIST14,not current,THSP,Thistle Spp.,Mixed Thistle Spp.,"Martin Creek area, Southern most westward road off Martin Creek road, north side",Grassland,NA
522584,4272871,7/19/2011,MH,CHIC03,current,CHIN,Chicorium intybus,Chicory,Martin Creek crossing,Grassland,NA
523634,4272454,8/14/2017,"CD, DF",BLAK10,current,RUAM,Rubus ameniacus,Himalayan Blackberry,Middle Martin Creek Near MCM1  Spring,grassland,NA
526134,4269346,8/28/2015,CD,SKEL09C,current,SKEL,Chondrilla juncea,Skeleton weed,"Near NE base of Telegraph Hill, below older SKEL 09 sites",grassland,NA
526021,4269369,9/1/2015,unk,YST11,current,CESO,Centauria solistialis,Yellow Star Thistle,Near north saddle of Telegraph Hill,grassland,data not exact 
524874.7,4270105.9,7/15/2011,MH,CHIC02,current,CHIN,Chicorium intybus,Chicory,Near PG&E power pole NW of Goodman homestead,Grassland,"In flower and past, only got half the population, need to go back Original coordinates were:-122.71442,38.57907"
525004.9,4270537.9,6/21/2012,MG,VELVET01,not current,HOIA,Holcus lanatus,Velvet grass,near Shawn's pond,grassland," Original coordinates were:-122.71291,38.58296"
526239.1,4269406.4,7/18/2013,JC,SKEL11,current,CHJU,Chondrilla juncea,Skeleton weed,Near spring west of Pepperwood Creek,grassland," Original coordinates were:-122.698783,38.572727"
527114,4269071,4/16/2014,CD,THIST11,not current,THSP,Thistle Spp.,Mixed Thistle Spp.,North of Scovie Basin along road 400 meters north of  fence and road intersection.,Grassland,NA
527114,4269071,4/16/2014,CD,MUST13,current,SIOF,Sisymbrium officinale,Hedge Mustard,North of Scovie Basin where fence and road intersect,Grassland,previously thought to be black mustard (Brassica negra) 
525750,4269230,4/16/2014,CD,THIST09,not current,THSP,Thistle Spp.,Mixed Thistle Spp.,North of Scovie Basin where fence and road intersect,Grassland,NA
527050,4269470,3/27/2014,CD,YST05,current,CESO,Centauria solistialis,Yellow Star Thistle,North Road meadow west of 1341 veg plot,Grassland,"This is a new tistle break out in this area, which was recently grazed for the first time. "
525629,4271661,8/12/2015,CD,YST10,current,CESO,Centauria solistialis,Yellow Star Thistle,NW corner of Wiemar along road to bald hills at property boundary,grassland,NA
525925,4269893,7/1/2014,CD,MUST01B,current,SIOF,Sisymbrium officinale,Hedge Mustard,Red Corral area,Grassland,previously thought to be black mustard (Brassica negra) 
526560,4270262,6/20/2012,LuM,YST03,current,CESO,Centauria solistialis,Yellow Star Thistle,Redwood Canyon Trail,Grassland," Original coordinates were:-122.695071,38.580429"
526078,4269435,7/2/2012,JC,SKEL08,current,CHJU,Chondrilla juncea,Skeleton weed,Ridge North East of Telegraph Hill,Grassland,NA
526067,4269455,6/4/2014,CD,SKEL08B,current,CHJU,Chondrilla juncea,Skeleton weed,Ridge North East of Telegraph Hill,Grassland,NA
526488,4269816,5/11/2011,MH,SKEL01,current,CHJU,Chondrilla juncea,Skeleton weed,Roller coaster Ridge,Grassland,"Need to recheck the area to make sure we didn't miss more plants, 2 pulled directly from the road coordinates taken from map. Need to confirm. (CD)"
526129,4269380,7/2/2012,JC,SKEL09,current,CHJU,Chondrilla juncea,Skeleton weed,South facing slope North East of Telegraph Hill,Grassland,NA
526149,4269385,6/4/2014,unk,SKEL09B,current,CHJU,Chondrilla juncea,Skeleton weed,South facing slope North East of Telegraph Hill,Grassland,NA
525925,4269773,4/8/2016,MG,MUST01C,current,SIOF,Sisymbrium officinale,Hedge Mustard,South of Red Coral,Grassland,NA
526213.9,4269471,7/18/2013,JC,SKEL12,current,CHJU,Chondrilla juncea,Skeleton weed,South of Wappo Trail after walking bridge,grassland,"lots of tanoak has been killed at this location, evidence of hypoxylon fungus, bleeding cankers Original coordinates were:-122.69907,38.57331"
525520,4268749,6/15/2017,MG,GOAT38,current,AETI,Aegilops triuncalis,Barbed goatgrass,South side of Skovie Basin marsh,grassland,42891 
524403,4271856,3/31/2017,CD,SOUR04b,current,OXPE,Oxalis pes-caprae,Sourgrass,"Strebel Homestead at and beyond north east edge of Eucalyptus, near ruins.",grassland,NA
526865,4269117,5/25/2217,CD,GOAT29E,current,AETI,Aegilops triuncalis,Barbed goatgrass,SW of road at Oak soil moisture probe - on east side of fence in road grade,Grassland,NA
526037,4269265.2,10/30/2012,JC,AGAV01,current,AGAM,Agave americana,Century Plant,Telegraph Hill,Grassland," Original coordinates were:-122.701108,38.571461"
526050.3,4269253.5,10/30/2012,JC,AGAV02,current,AGAM,Agave americana,Century Plant,Telegraph Hill,Grassland," Original coordinates were:-122.700956,38.571355"
526077.4,4269232.2,10/30/2012,JC,AGAV03,current,AGAM,Agave americana,Century Plant,Telegraph Hill,Grassland," Original coordinates were:-122.700645,38.571162"
525425,4270494,5/8/2013,unk,MUST04,current,SIOF,Sisymbrium officinale,Hedge Mustard,Three Tree Hill,Grassland,previously thought to be black mustard (Brassica negra) 
525651,4270460,5/8/2013,unk,MUST03,current,SIOF,Sisymbrium officinale,Hedge Mustard,Three Tree Hill Junction,Grassland,previously thought to be black mustard (Brassica negra) 
525625,4270458,3/23/2012,unk,MUST05,current,BRRA,Brassica rapa,Common Mustard,Three Tree Hill Junction West side of gate,grassland,"about 15 plants, 3 mature and flowering, first time seen at Pepperwood "
525425,4270494,4/19/2014,CD,THIST13B,not current,THSP,Thistle Spp.,Mixed Thistle Spp.,Three tree hill top and north slope,Grassland,NA
525501,4269660,4/2/2014,CD,YST04,current,CESO,Centauria solistialis,Yellow Star Thistle,Turtle Pond 'Ungrazed/ pasture. Same as THIST04,Grassland,"This is a new tistle break out in this area, which was recently grazed for the first time. "
NA,NA,5/8/2013,JC,GOAT25,not current,AETI,Aegilops triuncalis,Barbed goatgrass,unkown site location,Grassland,NA
525127,4270921,4/29/2014,CD,MUST15,current,SIOF,Sisymbrium officinale,Hedge Mustard,Upper Martin Creek NW of road near SKEL01/02,grassland,previously thought to be black mustard (Brassica negra) 
526790,4269115,6/1/2016,CD,GOAT29C,current,AETI,Aegilops triuncalis,Barbed goatgrass,West of other GOAT 29 sites,grassland,NA
526090,4269592,4/25/2016,MG,SPURG03,current,EUOB,Euphorbia oblongata,Oblong spurge,West of road at Pepperwood Creek,grassland,NA
524738.7685,4270136.523,7/15/2011,MH,YST01,current,CESO,Centauria solistialis,Yellow Star Thistle,NA,Grassland,"In flower, dense patch Did not project correctly first time. UTMs general, not numeric, also trouble in one of extra fields.Original coordinates were:-122.71598,38.57935"
524882.3,4270481,6/21/2012,MG,BULL02,not current,CIVU,Cirsium vulgare,Bull thistle,Shawn's pond,grassland ," Original coordinates were:-122.71432,38.58245"
526128,4270100,7/13/2016,CD,YST12,current,CESO,Centauria solistialis,Yellow Star Thistle,Roller Coaster Ridge North,grassland hilltop,NA
526870.9,4269526.5,7/26/2016,CD,YST13,current,CESO,Centauria solistialis,Yellow Star Thistle,"Roller Coaster Ridge South, from end of North Road North",grassland hilltop,NA
526225,4269350,7/1/2014,CD,TEAS02,current,DIFU,Dipsacus sp.,Teasel (Fuller's teasel),"PWD Creek Spring below fenced area, in wet region. Bull06 is same.","Grassland, spring",NA
524830,4269707,7/18/2012,JC,BULL03,not current,CIVU,Cirsium vulgare,Bull thistle,East of apple orchard and north of Horse Hill,grassland/ edge of vernal pool,dense patch. Will visit and hand pull. 
525190.4,4269854.9,10/30/2012,JC,VINCA02,current,VIMA,Vinca major,Periwinkle,in Goodman drainage by large willow,grassland/edge of vernal area,"In flower, dense patch, another large patch E uphill Original coordinates were:-122.710805,38.576799"
524882.3,4270481,6/21/2012,MG,VELVET02,not current,HOIA,Holcus lanatus,Velvet grass,at Shawn's pond,grassland/edge of vernal pool,"becoming a large patch and starting to grow up the banks, might consider treating banks to keep it from spreading. Treated with spray in Nov 2012. Original coordinates were:-122.71432,38.58245"
524229,4271825,3/10/2015,CD,THIST02b,not current,THSP,Thistle Spp.,Mixed Thistle Spp.,"Strebel Homestead, southwestern extreme in drainage.",grassland/oakwoodland,NA
525243,4270811,5/4/2016,CD,SKEL14,current,SKEL,Chondrilla juncea,Skeleton weed,In upper Martin Creek along road in 'tree tunnel' just inside pasture,grassland/roadside,NA
525411,4268773,6/14/2017,CD,GOAT32L,current,AETI,Aegilops triuncalis,Barbed goatgrass,"Skovie Basin, bottom of annual grassland at wetland edge",grassland/wetland,NA
525450,4268880,6/14/2017,CD,GOAT32M,current,AETI,Aegilops triuncalis,Barbed goatgrass,"Skovie Basin, bottom of annual grassland at wetland edge",grassland/wetland,NA
526849,4269122,5/16/2014,CD,GOAT29B,current,AETI,Aegilops triuncalis,Barbed goatgrass,SW of road at Oak soil moisture probe,harding grass,NA
525399,4269917,1/24/2015,CD,SOUR05,current,OXPE,Oxalis pes-caprae,Sourgrass,"Goodman homestead, near old chimney, conventrated under fallen oak logs.",meadow under oaks and logs,NA
525565,4269108,3/26/2015,"CD, MG",SOUR01b,current,OXPE,Oxalis pes-caprae,Sourgrass,"Along and below Scovie Basin road, before erosion site. Patch ends at uphill and NE edges of Sckovie grasslands where sun starts.",oak woodland,NA
522419,4273213,5/31/2012,MH,GOAT21,current,AETI,Aegilops triuncalis,Barbed goatgrass,At PG&E tower with invasive thistle,oak woodland,NA
522415,4273457,5/31/2012,MH,GOAT22,current,AETI,Aegilops triuncalis,Barbed goatgrass,"At second PG&E tower below the one with invasive thistle, large patches across the property line included in infestation area estimate and cover",oak woodland,NA
527252,4269958,3/21/2012,MH,BROOM08,current,GEMO,Genista monspessulana,French broom,"Devil's Kitchen, north of Grouse Hill, Oregon oak woodland",oak woodland,"about 10 plants, flowering "
524944,4269652,5/20/2011,MH,GOAT03,not current,AETI,Aegilops triuncalis,Barbed goatgrass,east of apple orchard and north of Horse Hill,oak woodland,"more patches nearby, in flower. CD: CHECK LOCATION with MH -Point seems off 2014.  Did not project correctly first time. UTMs general, not numeric, also trouble in one of extra fields.Original coordinates were:-122.713645,38.574974"
524891,4269584,5/20/2011,MH,GOAT02,current,AETI,Aegilops triuncalis,Barbed goatgrass,east of apple orchard and north of Horse Hill,oak woodland,"more patches nearby, in flower Did not project correctly first time. UTMs general, not numeric, also trouble in one of extra fields.Original coordinates were:-122.714254,38.574363"
524933,4269618,5/15/2012,MH,GOAT04,current,AETI,Aegilops triuncalis,Barbed goatgrass,east of apple orchard and north of Horse Hill,oak woodland,NA
524977,4269932,2/13/2014,MH,BROOM13,current,GEMO,Genista monspessulana,French broom,Hill west of the Goodman Meadow along fenceline near powerlines,oak woodland,"about 20 plants, pulled larger ones we could see, need to revisit for small ones "
525481,4269321,8/8/2013,MG,BROOM12,current,GEMO,Genista monspessulana,French broom,"Horsehill area, south side of road going to Skovie near tower within ten ft. of road",oak woodland, coordinate conversion may be inaccurate. See BROOM12B for better point.
524808,4269643,5/15/2012,MH,GOAT13,current,AETI,Aegilops triuncalis,Barbed goatgrass,Ida's orchard,oak woodland,NA
522413,4273475,5/28/2014,CD,GOAT22C,current,AETI,Aegilops triuncalis,Barbed goatgrass,Just North and downhill of  PG&E tower on Blue oak ridge.,oak woodland,NA
525104,4269619,5/15/2012,MH,GOAT06,current,AETI,Aegilops triuncalis,Barbed goatgrass,Just uphill from AEG5,oak woodland,NA
526119,4269403,6/16/2017,DF,SKEL09D,current,SKEL,Chondrilla juncea,Skeleton weed,NE of Telegraph Hill between SKEL09 and SKEL08 in flatter area under oaks,oak woodland,NA
525298,4269525,5/17/2012,MH,DAC01,not current,DAGL,Dactylis glomerata,Orchard grass,"next to dirt road on way to Roger's Canyon, steep water bar",oak woodland,NA
525524.6,4269056.1,3/27/2013,"JC, MG",SOUR01,current,OXPE,Oxalis pes-caprae,Sourgrass,"North East of Skovie Basin by the ""owl pellet oak""",oak woodland," Original coordinates were:-122.706998,38.569591"
524861,4269637,5/15/2012,MH,GOAT10,current,AETI,Aegilops triuncalis,Barbed goatgrass,"North of Rodgers Canyon road, along drainage.",oak woodland,NA
524885,4269640,5/23/2014,CD,GOAT10B,current,AETI,Aegilops triuncalis,Barbed goatgrass,"North of Rodgers Canyon road, along drainage.",oak woodland,NA
525189,4270662,5/2/2014,"CD, MH",MUST16,current,SIOF,Sisymbrium officinale,Hedge Mustard,"North of TTH, SE of native GLM native transect under oaks",oak woodland,previously thought to be black mustard (Brassica negra) 
525111,4269601,5/15/2012,MH,GOAT05,current,AETI,Aegilops triuncalis,Barbed goatgrass,North of upper site (south of star thistle) AEG1,oak woodland,NA
522474,4273190,5/31/2012,MH,GOAT19,current,AETI,Aegilops triuncalis,Barbed goatgrass,on road and south of road heading toward first PG&E tower that has invasive thistle,oak woodland,NA
522605,4273126,5/31/2012,MH,GOAT17,current,AETI,Aegilops triuncalis,Barbed goatgrass,on road heading toward first PG&E tower that has invasive thistle,oak woodland,NA
522508,4273198,5/31/2012,MH,GOAT18,current,AETI,Aegilops triuncalis,Barbed goatgrass,on road heading toward first PG&E tower that has invasive thistle,oak woodland,NA
522493,4273210,5/31/2012,MH,GOAT20,current,AETI,Aegilops triuncalis,Barbed goatgrass,on road heading toward first PG&E tower that has invasive thistle,oak woodland,NA
523381,4269036,3/23/2012,MH,BROOM09,current,GEMO,Genista monspessulana,French broom,"Oregon oak woodland, Garrison Canyon",oak woodland,"about 25 plants, more small seedlings to pull, need to scout whole area "
523441,4268987,3/23/2012,MH,SCOTCH01,current,CYSC,Cytisus scopiarus,Scotch broom,"Oregon oak woodland, Garrison Canyon",oak woodland,NA
523292,4268914,3/23/2012,MH,BROOM10,current,GEMO,Genista monspessulana,French broom,"Oregon oak woodland, Garrison Canyon, within 100 meters of North of Garrison house on border with chaparral, west facing slope",oak woodland,"about 100 plants in 25 square meters, in flower, NEED TO PULL "
525180,4269532,5/15/2012,MH,GOAT01,current,AETI,Aegilops triuncalis,Barbed goatgrass,patch south of star thistle site,oak woodland,"more patches nearby, in flower "
524162.2,4268995.5,5/12/2011,MH,BROOM02,current,GEMO,Genista monspessulana,French broom,Road grade south of culvert crossing at Horse Hill,oak woodland,"Adjacent to property boundary near Douglas fir removal site Original coordinates were:-122.722639,38.569083"
526315.2,4269122.9,5/20/2011,MH,BROOM06,current,GEMO,Genista monspessulana,French broom,"SE of Telegraph Hill along fence line, East of Porter Creek South of fence",oak woodland,"lots of poison oak, snake habitat Original coordinates were:-122.69792,38.57017"
527088,4268706,5/15/2014,CD,MUST18,current,SIOF,Sisymbrium officinale,Hedge Mustard,South of entrance road at observatory turn off. On foot path.,oak woodland,previously thought to be black mustard (Brassica negra) 
524874,4269592,5/15/2012,MH,GOAT14,current,AETI,Aegilops triuncalis,Barbed goatgrass,NA,oak woodland,NA
525074,4269624,5/15/2012,MH,GOAT07,current,AETI,Aegilops triuncalis,Barbed goatgrass,NA,oak woodland,NA
524891,4269635,5/15/2012,MH,GOAT09,current,AETI,Aegilops triuncalis,Barbed goatgrass,NA,oak woodland,NA
524861,4269689,5/15/2012,MH,GOAT11,current,AETI,Aegilops triuncalis,Barbed goatgrass,NA,oak woodland,NA
524845,4269690,5/15/2012,MH,GOAT12,current,AETI,Aegilops triuncalis,Barbed goatgrass,NA,oak woodland,NA
524851,4269678,5/15/2012,MH,GOAT16,current,AETI,Aegilops triuncalis,Barbed goatgrass,NA,oak woodland,NA
524944,4269634,5/15/2012,MH,GOAT08,current,AETI,Aegilops triuncalis,Barbed goatgrass,NA,oak woodland,NA
524893,4269581,5/15/2012,MH,GOAT15,current,AETI,Aegilops triuncalis,Barbed goatgrass,NA,oak woodland,NA
525706,4269586,4/2/2014,CD,MUST06,current,SIOF,Sisymbrium officinale,Hedge Mustard,"200 meters west of Turtle Pond, south of trail at edge of oaks.","Oak woodland, grassland",previously thought to be black mustard (Brassica negra) 
526264,4269367,1/3/2014,"CD, MG",RAPH01,current,RASA,Raphanus sativus,Cultivated radish,"Hillside West of Pepperwood Creek, northern bridge access  Same as SKEL 10. At first Flag.","Oak woodland, grassland",NA
526219,4269490,3/20/2014,"CD, MG",MUST05,current,SIOF,Sisymbrium officinale,Hedge Mustard,"Hillside West of Pepperwood Creek, northern bridge access At first Flag. 'Denni's Thistle tree'","Oak woodland, grassland",previously thought to be black mustard (Brassica negra) 
525087,4269624,5/7/2014,CD,GOAT07B,current,AETI,Aegilops triuncalis,Barbed goatgrass,North of Roger's Canyon road. Game trail/foot path runs through,oak woodland/ grassland,NA
525072,4269627,5/7/2014,CD,GOAT07C,current,AETI,Aegilops triuncalis,Barbed goatgrass,North of Roger's Canyon road. Game trail/foot path runs through,oak woodland/ grassland,NA
525092,4269617,5/7/2014,CD,GOAT06B,current,AETI,Aegilops triuncalis,Barbed goatgrass,"North of Roger's Canyon road. Just uphill from GOAT08b, on game trail/foot path",oak woodland/ grassland,NA
525286,4270806,5/9/2014,CD,MUST17,current,SIOF,Sisymbrium officinale,Hedge Mustard,"North of TTH, north of MC road just past MC gate.",oak woodland/ grassland edge,"previously thought to be black mustard (Brassica negra) Original coordinates were:`,"
524823,4269648,5/23/2014,CD,GOAT13B,current,AETI,Aegilops triuncalis,Barbed goatgrass,along trail 20 meters  east of Ida's orchard at debris pile.,oak woodland/grassland,NA
522505,4272897,5/27/2014,CD,GOAT33b,current,AETI,Aegilops triuncalis,Barbed goatgrass,"End of Martin Creek road. Above rushes, eastern most. ",oak woodland/grassland,NA
522503,4272891,6/11/2014,CD,GOAT33,current,AETI,Aegilops triuncalis,Barbed goatgrass,End of Martin Creek road. Below rushes. ,oak woodland/grassland,NA
526415,4270163,2/25/2015,CD,SPURG02,current,EUOB,Euphorbia oblongata,Oblong spurge,"In Oregon Oak Hills region, above Amber's oak/acorn study area. Along steep drainage.",oak woodland/grassland, check coordinates. Typo likely.
526390,4270153,2/25/2015,CD,SPURG01,current,EUOB,Euphorbia oblongata,Oblong spurge,"In Oregon Oak Hills region, above Amber's oak/acorn study area. Hill top.",oak woodland/grassland,NA
525475,4268880,4/30/2015,SB,GOAT32h,current,AETI,Aegilops triuncalis,Barbed goatgrass,"In Scovie Basin, hillside south of west road",oak woodland/grassland, coordinates guestimated from description
525450,4268811,6/26/2014,CD,GOAT34b,current,AETI,Aegilops triuncalis,Barbed goatgrass,"In Scovie Basin, hillside south of west road",oak woodland/grassland,NA
525472,4268970,6/3/2014,CD,GOAT32b,current,AETI,Aegilops triuncalis,Barbed goatgrass,"In Scovie Basin, hillside south of west road",oak woodland/grassland,NA
525461,4268817,6/26/2014,CD,GOAT34,current,AETI,Aegilops triuncalis,Barbed goatgrass,"In Scovie Basin, hillside south of west road",oak woodland/grassland,NA
525457,4268970,6/3/2014,CD,GOAT32,current,AETI,Aegilops triuncalis,Barbed goatgrass,"In Scovie Basin, hillside south of west road",oak woodland/grassland,NA
525475,4268888,6/3/2014,CD,GOAT32c,current,AETI,Aegilops triuncalis,Barbed goatgrass,"In Scovie Basin, hillside south of west road",oak woodland/grassland,NA
525475,4268870,6/3/2014,CD,GOAT32d,current,AETI,Aegilops triuncalis,Barbed goatgrass,"In Scovie Basin, hillside south of west road",oak woodland/grassland,NA
525438,4268808,6/26/2014,CD,GOAT32f,current,AETI,Aegilops triuncalis,Barbed goatgrass,"In Scovie Basin, hillside south of west road",oak woodland/grassland,NA
525442,4268823,6/26/2014,CD,GOAT32g,current,AETI,Aegilops triuncalis,Barbed goatgrass,"In Scovie Basin, hillside south of west road",oak woodland/grassland,NA
525505,4268888,6/3/2014,CD,GOAT32e,current,AETI,Aegilops triuncalis,Barbed goatgrass,"In Scovie Basin, hillside south of west road",oak woodland/grassland,NA
525400,4268805,6/14/2017,CD,GOAT32k,current,AETI,Aegilops triuncalis,Barbed goatgrass,"In Scovie Basin, hillside south of west road, near bottom on NW slope",oak woodland/grassland,NA
525416,4268843,3/28/2015,CD,GOAT32i,current,AETI,Aegilops triuncalis,Barbed goatgrass,"In Scovie Basin, hillside south of west road, near bottom on NW slope",oak woodland/grassland,NA
525409,4268831,6/5/2014,CD,GOAT32j,current,AETI,Aegilops triuncalis,Barbed goatgrass,"In Scovie Basin, hillside south of west road, near bottom on NW slope",oak woodland/grassland,NA
522581,4272887,6/18/2015,CD,GOAT36,current,AETI,Aegilops triuncalis,Barbed goatgrass,"martin creek , north of road on stream island near gate. Probably same location spotted by Teen Natter Mary.",oak woodland/grassland,NA
522531,4272916,6/18/2015,CD,GOAT33c,current,AETI,Aegilops triuncalis,Barbed goatgrass,"martin creek, north of road near gate",oak woodland/grassland,changed northing from 4272916 (was in wrong location) 
522452,4273198,5/28/2014,CD,GOAT21A,current,AETI,Aegilops triuncalis,Barbed goatgrass,North of road road heading toward first PG&E tower that has invasive thistle,oak woodland/grassland,NA
524916,4269629,5/23/2014,CD,GOAT04B,current,AETI,Aegilops triuncalis,Barbed goatgrass,"North of Rodgers Canyon road, along drainage.",oak woodland/grassland,NA
524907,4269639,5/23/2014,CD,GOAT04C,current,AETI,Aegilops triuncalis,Barbed goatgrass,"North of Rodgers Canyon road, along drainage.",oak woodland/grassland,NA
525643,4269287,6/26/2014,CD,GOAT23d,current,AETI,Aegilops triuncalis,Barbed goatgrass,"Scovie Basin road at fork, north of road before gate.",oak woodland/grassland,NA
522390,4273475,5/28/2014,CD,GOAT22B,current,AETI,Aegilops triuncalis,Barbed goatgrass,West of Pepperwood Property on North and south facing slope  between our PG&E tower the next on Blue oak ridge.,oak woodland/grassland,Neighbor's patch the size of the barn. 
522400,4273220,5/28/2014,CD,GOAT21B,current,AETI,Aegilops triuncalis,Barbed goatgrass,West of Property line north of PG&E tower  line between our pole with invasive thistles and next.,oak woodland/grassland, point location approximate
525925,4269598,5/8/2013,unk,MUST02,current,SIOF,Sisymbrium officinale,Hedge Mustard,Turtle Pond Road under oaks on North side of road,Oakwoodland,previously thought to be black mustard (Brassica negra) 
526039,4269621,6/1/2016,CD,MUST02b,current,SIOF,Sisymbrium officinale,Hedge Mustard,Turtle Pond Road under oaks on West side of road,Oakwoodland,NA
525710,4269097,6/3/2014,CD,GOAT28D,current,AETI,Aegilops triuncalis,Barbed goatgrass,"East fork road to Skovie basin, at end of road near (below) base of PG&E tower.",oakwoodland/grassland,NA
525729,4269058,6/3/2014,CD,GOAT28C,current,AETI,Aegilops triuncalis,Barbed goatgrass,"East fork road to Skovie basin, below PG&E tower at end of road.",oakwoodland/grassland,NA
525699,4269238,6/4/2014,CD,GOAT28B,current,AETI,Aegilops triuncalis,Barbed goatgrass,"East fork road to Skovie basin, past gate. In and spanning road.",oakwoodland/grassland,NA
525713,4269246,6/4/2014,CD,GOAT23B,current,AETI,Aegilops triuncalis,Barbed goatgrass,"East fork road to Skovie basin, past gate. North of road.",oakwoodland/grassland,small adjacent patch too. 2x2 60% 
525720,4269244,6/4/2014,CD,GOAT23C,current,AETI,Aegilops triuncalis,Barbed goatgrass,"East fork road to Skovie basin, past gate. North of road.  Rocky and more upland.",oakwoodland/grassland,small adjacent patch  2x2 60% 
525729,4269138,6/3/2014,CD,GOAT28E,current,AETI,Aegilops triuncalis,Barbed goatgrass,"East fork road to Skovie basin,.",oakwoodland/grassland,NA
525694,4269241,1/1/2013,JC,GOAT28,current,AETI,Aegilops triuncalis,Barbed goatgrass,road to Skovie basin,oakwoodland/grassland,NA
526598,4269364,8/8/2017,"CD, DF",BLAK06,current,RUAM,Rubus ameniacus,Himalayan Blackberry,Bechtel North Spring,perennial spring,NA
525496,4271271,8/17/2017,"CD, Balm Krueger",BLAK14,current,RUAM,Rubus ameniacus,Himalayan Blackberry,Hog Hotel Spring,perennial spring,NA
526185,4269400,8/17/2017,CD,BLAK13,current,RUAM,Rubus ameniacus,Himalayan Blackberry,Skeleton Spring,perennial spring,NA
526286,4269364,11/22/2011,"MH, JC",SKEL04,current,CHJU,Chondrilla juncea,Skeleton weed,"along Pepperwood Creek, northern bridge access point - in stream bed",riparian," Original coordinates were:-122.698167,38.572444"
526271,4269362,10/9/2012,JC,SKEL10,current,CHJU,Chondrilla juncea,Skeleton weed,"Pepperwood Creek, around rock on hillside West of  Creek, northern bridge access ",Riparian/Grassland, Coordinates  bad. Local doesn’t match description. Site is rocky area near SKEL04. get coords in field.
525189,4270906,5/11/2011,MH,SKEL02,current,CHJU,Chondrilla juncea,Skeleton weed,Along road north of TTH toward Strebel Homestead,Road,"Sprayed 7/13/11 by So. Co. Ag Commission; hundreds of plants fix location to be on road? Coordinates changed to match orignal lat long in 2017.Original coordinates were:-122.710778,38.586278"
526937.8,4269070.4,5/30/2012,JC,DOG01,current,ANCO,Anthemis cotula,Dog Fennel,"gravel parking area just past the Y leading to Bechtel SE of road, or 'in saddle on the road to Bechtel house' check UTM w MG.",Road," Original coordinates were:-122.690775,38.569678"
525692,4269252,6/1/2012,MG,GOAT23,current,AETI,Aegilops triuncalis,Barbed goatgrass,"In Scovie Basin road, east fork past gate.",road,NA
525512,4269512,6/26/2014,CD,GOAT35,current,AETI,Aegilops triuncalis,Barbed goatgrass,In Skovie Basin road above fork,road, Check coordinates not completed in field
526870.9,4269526.5,10/4/2012,JC,DIGR01,current,DIGR,Dittrichia graveolens,Stinkwort,Top of north road in gravel,Road," Original coordinates were:-122.691525,38.573791"
525376,4269842,5/30/2014,MH,DOG03,current,ANCO,Anthemis cotula,Dog Fennel,Towards Goodman Homestead,Road,y coord local fixed by cd (5... changed to 4…)
527620.6,4268905,5/12/2011,MH,BROOM01,current,GEMO,Genista monspessulana,French broom,Franz Valley Road near Jackson Property,Road banks,"On both side of FVR and on our property Original coordinates were:-122.682944,38.568167"
525313,4269213,4/23/2014,CD,BROOM12B,current,GEMO,Genista monspessulana,French broom,"Horsehill area, south side of road going to Skovie near tower within ten ft. of road","Road banks, PGE towers", coordinates look bad on map. 12 is better?
526184,4270523,4/2/2014,CD,THIST06,not current,THSP,Thistle Spp.,Mixed Thistle Spp.,"Double ponds road, downhill slope, just inside Weimar pasture gate past maple tree. Above exclosure. Treated over years.",road edge and wet meadow drainage. ,NA
525602,4269737,5/30/2014,MH,DOG02,current,ANCO,Anthemis cotula,Dog Fennel,Just past gate to Turtle Pond,road or roadside,NA
526967,4268927,7/18/2016,CD,DIGR12,current,DIGR,Dittrichia graveolens,Stinkwort,Along Entrance road between DC and barn,roadside,NA
527340,4268860,8/29/2015,SB,DIGR04b,current,DIGR,Dittrichia graveolens,Stinkwort,Along road between barn and Mountain house,roadside, coordinates fixed in 2017
526922,4268381.1,3/18/2013,JC,ARUND01,current,ARDO,Arundo donax,Giant reed,Along road in front of Former Ward House,roadside," Original coordinates were:-122.41.27.54,38.33.48.48"
526922,4268381.1,3/18/2013,JC,ARUND01,current,ARDO,Arundo donax,Giant reed,Along road in front of Former Ward House,roadside," Original coordinates were:-122.41.27.54,38.33.48.48"
527071,4269094,7/18/2016,MH,DIGR11,current,DIGR,Dittrichia graveolens,Stinkwort,At Dwight Center in Conte Court near Kitchen and donut,roadside,NA
527250,4268550,4/22/2014,MH,MEIN01,current,MEIN,Melilotus indicus,Annual Yellow Sweet Clover,"At entrance, south of paved road.",roadside,"coordinates not so good, obs #oe6517 "
523507,4268142,8/31/2016,CD,DIGR09c,current,DIGR,Dittrichia graveolens,Stinkwort,Downstream of Garrison Canyon on Singing Hills road edge where Garrison house driveway begins,roadside,NA
527016,4268459,4/7/2017,CD,FENNEL02b,current,FOVU,Foeniculum vulgare,Fennel,Franz Valley Road near Ward property,roadside,NA
526820,4268300,8/3/2017,CD,DIGR07b,current,DIGR,Dittrichia graveolens,Stinkwort,Franz Valley Road South West of preserve entrance,roadside,NA
526815,4267830,5/26/2017,CD,BROOM19,current,GEMO,Genista monspessulana,French broom,"Franz Valley Road Southwest of Entrance, near Safari west (at driveway addresses 3201 - 3219 FVR)",roadside,"Met neighbor Scott, said property containing this broom population recently sold by Gary, but that Gary would be up for remiving broom. "
526969,4268968,5/7/2016,CD,MEIN02,current,MEIN,Melilotus indicus,Annual Yellow Sweet Clover,From Barn to Dwight Center along road,roadside,NA
527250,4268550,4/22/2014,CD,MEIN01b,current,MEIN,Melilotus indicus,Annual Yellow Sweet Clover,"From entrance, on both sides of road up to Hume Observatory road. Most between entrance and 15mph sign.",roadside,coordinates not so good 
526135,4267234,9/30/2016,MG,DIGR07,current,DIGR,Dittrichia graveolens,Stinkwort,Porter Creek Road at Mark Cresta's horse pasture,roadside,NA
525925,4269893,6/2/2014,SB,CHIC04B,current,CHIN,Chicorium intybus,Chicory,Red Corral on boths sides of road,Roadside,NA
524966,4271904,2/5/2017,MG,BROOM17,not current,GEMO,Genista monspessulana,French broom,Roadside Fern Canyon/Bald hills area,roadside,just one young plant 
525842.6,4270307.7,1/1/2013,JC,CHIC07,current,CHIN,Chicorium intybus,Chicory,Roadside from Three Tree Hill gate to Weimar Pasture Gate,Roadside," Original coordinates were:-122.703301,38.580861"
526307.2,4269542.8,7/2/2012,JC,CHIC04,current,CHIN,Chicorium intybus,Chicory,Roadsides from Bechtel to McCann HS,Roadside," Original coordinates were:-122.697996,38.573954"
525712.8,4270120.7,7/2/2012,JC,CHIC06,current,CHIN,Chicorium intybus,Chicory,Roadsides from McCann HS to Three Tree Hill,Roadside," Original coordinates were:-122.704798,38.57918"
525180,4269532,10/10/2014,CD,DIGR03,current,DIGR,Dittrichia graveolens,Stinkwort,"Rogers Canyon near road, at GOAT01 goatgrass site",roadside,NA
526087.9,4269701.6,3/2/2012,GJ,SOUR02,current,OXPE,Oxalis pes-caprae,Sourgrass,South of junction on Preserve Rd and Turtle Pond Rd,Roadside,"In fruit, found in July, only 6 plants or so, waiting for ID Original coordinates were:-122.7005073913,38.5753921405"
526604,4269358,5/17/2012,MH,FENNEL01,current,FOVU,Foeniculum vulgare,Fennel,SW side of drainage/culvert just past the BH car gate,roadside,"more patches nearby, in flower "
527486,4268890,10/25/2014,CD,DIGR05,current,DIGR,Dittrichia graveolens,Stinkwort,On mountain house property in road and north of road.,roadside and grassland,NA
527361,4269019,1/1/2014,CD,DOG04,current,ANCO,Anthemis cotula,Dog Fennel,"Barn Meadow Road, at bridge past Mountain house",roadside ditch,NA
526075,4269703,3/5/2014,CD,SOUR03,current,OXPE,Oxalis pes-caprae,Sourgrass,South of junction on Preserve Rd and Turtle Pond Rd,Roadside Ditch,May be same site as SOUR 02. Less that 2 square meters. 
527369,4269017,10/1/2014,CD,DIGR04,current,DIGR,Dittrichia graveolens,Stinkwort,"In drainage along Barn Meadow road, north of Mountain house. Border of Grouse Hill, Serp Chapparal regions.",roadside drainage,NA
524882.3,4270481,3/19/2014,"CD,MG",SOUR04,current,OXPE,Oxalis pes-caprae,Sourgrass,Strebel Homestead Meadow. Under eucalyptus (and fig tree as of 2017),roadside grassland,NA
527306,4268449,7/29/2016,CD,CKLBR02,current,XAST,Xanthium strumarium,Rough Cockleburr ,Along Franz Valley Road below preserve entrance. Both sides of road.,"Roadside, grassland",Site pulled since 2013 or 2014. Greatly reduced by 2016. 
525125,4270200,7/11/2014,CD,YST02B,current,CESO,Centauria solistialis,Yellow Star Thistle,Along road from TTH to Goodman,"Roadside, grassland",NA
525925,4269893,7/16/2014,CD,YST07,current,CESO,Centauria solistialis,Yellow Star Thistle,"Goodman, Red Corral to double ponds road along road","Roadside, grassland",NA
526100,4270700,8/21/2014,CD,YST07B,current,CESO,Centauria solistialis,Yellow Star Thistle,Double ponds,"Roadside, grassland pond edge",NA
525211,4270851,4/11/2014,CD,MUST07,current,SIOF,Sisymbrium officinale,Hedge Mustard,along martin creek road,"roadside, oakwoodland",previously thought to be black mustard (Brassica negra) 
524357,4271885,4/11/2014,CD,MUST08,current,SIOF,Sisymbrium officinale,Hedge Mustard,along martin creek road,"roadside, oakwoodland",previously thought to be black mustard (Brassica negra) 
524178,4271985,4/11/2014,CD,MUST09,current,SIOF,Sisymbrium officinale,Hedge Mustard,along martin creek road,"roadside, oakwoodland",previously thought to be black mustard (Brassica negra) 
522811,4272823,4/11/2014,CD,MUST11,current,SIOF,Sisymbrium officinale,Hedge Mustard,along martin creek road,"roadside, oakwoodland",previously thought to be black mustard (Brassica negra) 
522711,4272840,4/11/2014,CD,MUST12,current,SIOF,Sisymbrium officinale,Hedge Mustard,"along martin creek road, on both sides of road and in meadow.","roadside, oakwoodland",previously thought to be black mustard (Brassica negra) 
522661,4272940,4/11/2014,CD,MUST10,current,SIOF,Sisymbrium officinale,Hedge Mustard,"Under giant, grandmother oak tree across creek from martin creek road","roadside, oakwoodland",previously thought to be black mustard (Brassica negra) 
unk,unk,4/3/2017,MH,FENNEL03,current,FOVU,Foeniculum vulgare,Fennel,MCCann near figtree in drainage,roadside/grassland,NA
527101,4268757,4/12/2017,"MH, CD",POBU01,current,POBU,Poa Bulbosa,Bulbous blue grass,West of road near barn meadow,roadside/grassland,"site first noted in 2016, first treated in 2017? "
524633,4273055,6/28/2016,SB,CHIC08,current,CHIN,Chicorium intybus,Chicory,Western Bald hills along roads,Roadside/grassland,NA
526853,4270978,4/4/2014,CD,THIST08,not current,THSP,Thistle Spp.,Mixed Thistle Spp.,"North of Redwood Canyon Road, along WPT trail.",small meadow in oak woodland,NA
526337,4269364,7/26/2014,CD,BULL07,not current,CIVU,Cirsium vulgare,Bull thistle,Spring near PWD Creek with temp fence. East side of creek,Spring,NA
525785,4269941,3/5/2014,CD,BLAKB03,current,RUAM,Rubus ameniacus,Himalayan Blackberry,At Big Maple Spring. Previously treated.,Spring near roadside in grassland,NA
527202.4,4270888.6,4/4/2014,CD,THIST07,not current,THSP,Thistle Spp.,Mixed Thistle Spp.,Below broom site NE Redwood canyon road. Same as BROOM 04,"steep, wet meadow between chapparal/Dour-fir.",NA
523507,4268318,8/31/2016,CD,DIGR09b,current,DIGR,Dittrichia graveolens,Stinkwort,Garrison Canyon in Leslie Creek within 100 meters of crossing under Garrison House driveway,streambed,NA
523272,4268723,9/17/2015,CD,DIGR09,current,DIGR,Dittrichia graveolens,Stinkwort,at Garrison House in and adjacent to Leslie Creek,streambed/roadside,NA
524394,4271753,8/14/2017,"CD, DF",BLAK08,current,RUAM,Rubus ameniacus,Himalayan Blackberry,Strebel Spring,suspected emphemeral spring,NA
525393,4270013,8/22/2017,CD,BLAK16,current,RUAM,Rubus ameniacus,Himalayan Blackberry,Goodman Unfenced New Spring,suspected perennial spring,is a 12 square meter patch 
526076,4270124,2/18/2015,CD,MUST19,current,SIOF,Sisymbrium officinale,Hedge Mustard,"North Roller Coaster Ridge, northernmost hilltop at Mesh Antennaee under oak trees.",under oaks in Grassland,previously thought to be black mustard (Brassica negra) 
526214,4270025,2/18/2015,CD,MUST20,current,SIOF,Sisymbrium officinale,Hedge Mustard,"Roller Coaster Ridge, under oak trees.",under oaks in Grassland,previously thought to be black mustard (Brassica negra) 
526264,4269873,5/4/2016,CD,MUST22,current,SIOF,Sisymbrium officinale,Hedge Mustard,Under Oaks on RCR knoll west of coral above goat grass,under oaks in Grassland,Huge untreated site 
526264,4269367,4/2/2014,CD,THIST05,not current,THSP,Thistle Spp.,Mixed Thistle Spp.,"Hillside West of Pepperwood Creek, northern bridge access  Same as SKEL 10 and MUST05. At first Flag. 'Denni's Thistle tree'",under oaks with mustard,NA
525713,4269246,4/29/2015,SB,THIST15,not current,THSP,Thistle Spp.,Mixed Thistle Spp.,"Upper Rogers, west of MCCann/Telegraph Hill gate.",Wet grassland,NA
525700,4269150,7/26/2014,CD,BULL03B,not current,CIVU,Cirsium vulgare,Bull thistle,"East fork Scovie Basin Road, to north",wet meadow,NA
525706,4269586,4/2/2014,CD,THIST04E,not current,THSP,Thistle Spp.,Mixed Thistle Spp.,"East of Turtle Pond grazed/ pasture, same as MUST06",wet meadow,NA
525248,4269838,4/16/2014,CD,MUST14,current,SIOF,Sisymbrium officinale,Hedge Mustard,"Good man homestead, south of road near fig tree. Similar to BULL05, THIST03.",wet meadow,previously thought to be black mustard (Brassica negra) 
525248,4269838,4/16/2014,CD,THIST10,not current,THSP,Thistle Spp.,Mixed Thistle Spp.,"Good man homestead, south of road near fig tree. Similar to BULL05, THIST03.",wet meadow,NA
525177.2,4269852.8,1/1/2013,unk,BULL05,not current,CIVU,Cirsium vulgare,Bull thistle,Goodman meadow,wet meadow," Original coordinates were:-122.710957,38.576781"
524882.3,4270481,1/1/2013,unk,BULL04,not current,CIVU,Cirsium vulgare,Bull thistle,Strebel Homestead Meadow,wet meadow," Original coordinates were:-122.719722,38.594066"
524882.3,4270481,3/19/2014,"CD,MG",THIST02,not current,THSP,Thistle Spp.,Mixed Thistle Spp.,Strebel Homestead Meadow. Same as Bull 04.,wet meadow,NA
525501,4269660,4/2/2014,CD,THIST04,not current,THSP,Thistle Spp.,Mixed Thistle Spp.,Turtle Pond 'Ungrazed/ pasture,wet meadow,"This is a new tistle break out in this area, which was recently grazed for the first time. "
526966,4268931,1/14/2015,CD,KIX01,current,KISP,Kickxia spuria, Cancerwort (sharpleaf or roundleaf),"Along entrance road above the barn, below Frog pond trail",NA,NA
525230,4270849,5/9/2014,CD,SKEL06B,current,CHJU,Chondrilla juncea,Skeleton weed,Along road north of TTH toward Strebel Homestead; north of road on West facing slope above road,NA,coordinates updated on 7/5/2016 
527356,4268489,10/1/2015,CD,DIGR08,current,DIGR,Dittrichia graveolens,Stinkwort,at preserve entrance along entrance road,NA,NA
525925,4269893,3/25/2015,CD,MILK01,not current,SIMA,Silybum marianum,Milk Thistle,Beneath cypress trees at red coral.,NA,NA
525161,4269574,5/17/2016,CD,GOAT01b,current,AETI,Aegilops triuncalis,Barbed goatgrass,between roadside and hill top sites (GOAT01 and GOAT06),NA,NA
522520,4272861,6/18/2015,CD,BROOM16,not current,GEMO,Genista monspessulana,French broom,"Bottom of martin Creek Road, within 100 meters of gate. Stream side of road North of goatgrass island.",NA,just one young plant 
525715,4269120,5/24/2017,,GOAT28F,current,AETI,Aegilops triuncalis,Barbed goatgrass,"East fork road to Skovie basin, at end of road at base of PG&E tower.",NA,NA
527247,4268567,6/12/2016,CD,GOAT26B,current,AETI,Aegilops triuncalis,Barbed goatgrass,front pasture NW of seep,NA, more accurate location. Maybe same as 26
527244,4268553,6/12/2016,CD,GOAT26C,current,AETI,Aegilops triuncalis,Barbed goatgrass,"front pasture NW of seep, just above spring box",NA,NA
525388,4269849,3/7/2014,CD,THIST03,not current,THSP,Thistle Spp.,Mixed Thistle Spp.,Goodman homestead. Same as BULL 05.,NA,NA
522761,4272830,5/15/2016,CD,GOAT37,current,AETI,Aegilops triuncalis,Barbed goatgrass,Martin Creek by road east of Hendly Flat in Madrone Ridge Lower,NA,"date found uncertain, but found in 2016 "
526240,4269400,1/3/2014,"CD, MG",BLAKB01,current,RUAM,Rubus ameniacus,Himalayan Blackberry,Near spring west of Pepperwood Creek. Near SKEL 11.,NA,NA
525483,4270445,5/11/2016,MG,CHIC09,current,CHIN,Chicorium intybus,Chicory,near Three Tree Hill,NA,NA
527170,4269189,1/1/2014,CD,DOG05,current,ANCO,Anthemis cotula,Dog Fennel,"North Road, just north of DC parking lot",NA,NA
526508,4269815,10/23/2014,CD,DIGR06,current,DIGR,Dittrichia graveolens,Stinkwort,On Roller Coaster ridge at spring near SKEL 01,NA,NA
526225,4269350,7/1/2014,"CD, MG",BULL06,not current,CIVU,Cirsium vulgare,Bull thistle,"PWD Creek Spring below fenced area, in wet region. TEAS02 is same.",NA,NA
524360,4271790,9/24/2016,CD,DIGR10,current,DIGR,Dittrichia graveolens,Stinkwort,"Strebel Homestead, west side of road below blackberry",NA,NA
527400,4268993,5/25/2017,DF,BROOM15b,current,GEMO,Genista monspessulana,French broom,"This site is not on our propperty, but is across Franz Valley road from site 15. Coordinates were estimated.",NA,NA
524707,4271141,6/1/2015,CD,MILK02,not current,SIMA,Silybum marianum,Milk Thistle,Upper/Middle Martin Creek west of road from lone oak tree,NA,NA
524707,4271141,5/4/2016,CD,MUST21,current,SIOF,Sisymbrium officinale,Hedge Mustard,Upper/Middle Martin Creek west of road from lone oak tree. At milk thistle site.,NA,NA
